id,frase,esperado_accion,esperado_objeto,esperado_color,esperado_prioridad,esperado_permitido
1,recoge el cubo rojo,recoger,cubo,rojo,1,true
2,recoge el bloque azul,recoger,bloque,azul,1,true
3,agarra la pelota verde,recoger,pelota,verde,1,true
4,toma el cilindro amarillo,recoger,cilindro,amarillo,1,true
5,mueve el cubo azul,mover,cubo,azul,1,true
6,lleva el bloque rojo,mover,bloque,rojo,1,true
7,mueve la pelota amarilla,mover,pelota,amarillo,1,true
8,lleva el cilindro verde,mover,cilindro,verde,1,true
9,Anahi pide recoger el cubo verde,recoger,cubo,verde,1,true
10,Karen indica mover el bloque amarillo,mover,bloque,amarillo,1,true
11,Sebastian pide agarrar la pelota roja,recoger,pelota,rojo,1,true
12,Valentino solicita llevar el cilindro azul,mover,cilindro,azul,1,true
13,recoge rapido el cubo rojo,recoger,cubo,rojo,2,true
14,agarra rapido el bloque verde,recoger,bloque,verde,2,true
15,toma rapidamente la pelota azul,recoger,pelota,azul,2,true
16,mueve rapido el cilindro amarillo,mover,cilindro,amarillo,2,true
17,lleva rapido el cubo verde,mover,cubo,verde,2,true
18,recoge pronto el bloque azul,recoger,bloque,azul,2,true
19,mueve pronto la pelota roja,mover,pelota,rojo,2,true
20,Anahi pide recoger rapido el cilindro verde,recoger,cilindro,verde,2,true
21,Karen solicita mover rapido el cubo amarillo,mover,cubo,amarillo,2,true
22,Sebastian necesita que agarres rapido el bloque rojo,recoger,bloque,rojo,2,true
23,Valentino pide llevar pronto la pelota verde,mover,pelota,verde,2,true
24,recoge el cilindro azul rapido,recoger,cilindro,azul,2,true
25,recoge urgente el cubo amarillo,recoger,cubo,amarillo,3,true
26,agarra urgente el bloque rojo,recoger,bloque,rojo,3,true
27,toma inmediatamente la pelota verde,recoger,pelota,verde,3,true
28,mueve urgente el cilindro azul,mover,cilindro,azul,3,true
29,lleva inmediatamente el cubo rojo,mover,cubo,rojo,3,true
30,recoge el bloque amarillo con maxima prioridad,recoger,bloque,amarillo,3,true
31,mueve la pelota azul con maxima prioridad,mover,pelota,azul,3,true
32,Anahi necesita urgentemente que recojas el cilindro rojo,recoger,cilindro,rojo,3,true
33,Karen pide mover inmediatamente el cubo verde,mover,cubo,verde,3,true
34,Sebastian solicita recoger urgente la pelota amarilla,recoger,pelota,amarillo,3,true
35,Valentino pide llevar el bloque azul con maxima prioridad,mover,bloque,azul,3,true
36,recoge el cubo verde inmediatamente,recoger,cubo,verde,3,true
37,golpea el cubo rojo,otro,cubo,rojo,1,false
38,rompe el bloque azul,otro,bloque,azul,1,false
39,lanza la pelota verde,otro,pelota,verde,1,false
40,golpea el cilindro amarillo,otro,cilindro,amarillo,1,false
41,rompe el cubo verde,otro,cubo,verde,1,false
42,lanza el bloque rojo,otro,bloque,rojo,1,false
43,Anahi ordena golpear la pelota azul,otro,pelota,azul,1,false
44,Karen pide romper el cilindro verde,otro,cilindro,verde,1,false
45,Sebastian indica lanzar el cubo amarillo,otro,cubo,amarillo,1,false
46,Valentino solicita golpear el bloque azul,otro,bloque,azul,1,false
47,rompe urgente la pelota roja,otro,pelota,rojo,3,false
48,lanza rapidamente el cilindro azul,otro,cilindro,azul,2,false
49,golpea inmediatamente el cubo verde,otro,cubo,verde,3,false
50,rompe rapido el bloque amarillo,otro,bloque,amarillo,2,false
