escenario,id,frase,esperado_accion,esperado_objeto,esperado_color,esperado_prioridad,esperado_permitido,laya_accion,laya_objeto,laya_color,laya_prioridad,laya_permitido,laya_valido,laya_correcto_total,laya_ok_accion,laya_ok_objeto,laya_ok_color,laya_ok_prioridad,laya_ok_permitido,kw_accion,kw_objeto,kw_color,kw_prioridad,kw_permitido,kw_correcto_total,kw_ok_accion,kw_ok_objeto,kw_ok_color,kw_ok_prioridad,kw_ok_permitido,metodo,degradado,causa,latencia_servicio_ms,latencia_laya_ms,tiempo_servidor_ms,tiempo_red_estimado_ms
calma,1,recoge el cubo rojo,recoger,cubo,rojo,1,True,recoger,cubo,rojo,1,True,True,True,True,True,True,True,True,recoger,cubo,rojo,1,True,True,True,True,True,True,True,laya,False,,306.977,299.867,122.21,177.657
calma,2,recoge el bloque azul,recoger,bloque,azul,1,True,recoger,bloque,azul,1,True,True,True,True,True,True,True,True,recoger,bloque,azul,1,True,True,True,True,True,True,True,laya,False,,110.53,104.763,95.89,8.873
calma,3,agarra la pelota verde,recoger,pelota,verde,1,True,recoger,pelota,verde,1,True,True,True,True,True,True,True,True,recoger,pelota,verde,1,True,True,True,True,True,True,True,laya,False,,113.164,105.16,97.28,7.88
calma,4,toma el cilindro amarillo,recoger,cilindro,amarillo,1,True,otro,cilindro,amarillo,1,False,True,False,False,True,True,True,False,recoger,cilindro,amarillo,1,True,True,True,True,True,True,True,laya,False,Orden no permitida por LAYA,116.966,108.04,98.78,9.26
calma,5,mueve el cubo azul,mover,cubo,azul,1,True,mover,cubo,azul,1,True,True,True,True,True,True,True,True,mover,cubo,azul,1,True,True,True,True,True,True,True,laya,False,,169.958,162.622,96.33,66.292
calma,6,lleva el bloque rojo,mover,bloque,rojo,1,True,otro,bloque,rojo,2,False,True,False,False,True,True,False,False,mover,bloque,rojo,1,True,True,True,True,True,True,True,laya,False,Orden no permitida por LAYA,120.345,111.568,101.58,9.988
calma,7,mueve la pelota amarilla,mover,pelota,amarillo,1,True,mover,pelota,amarillo,2,True,True,False,True,True,True,False,True,mover,pelota,desconocido,1,True,False,True,True,False,True,True,laya,False,,112.318,103.549,91.61,11.939
calma,8,lleva el cilindro verde,mover,cilindro,verde,1,True,otro,cilindro,verde,1,False,True,False,False,True,True,True,False,mover,cilindro,verde,1,True,True,True,True,True,True,True,laya,False,Orden no permitida por LAYA,118.378,108.921,99.79,9.131
calma,9,Anahi pide recoger el cubo verde,recoger,cubo,verde,1,True,recoger,cubo,verde,1,False,True,False,True,True,True,True,False,recoger,cubo,verde,1,True,True,True,True,True,True,True,laya,False,Orden no permitida por LAYA,114.428,105.296,96.95,8.346
calma,10,Karen indica mover el bloque amarillo,mover,bloque,amarillo,1,True,mover,bloque,amarillo,1,False,True,False,True,True,True,True,False,mover,bloque,amarillo,1,True,True,True,True,True,True,True,laya,False,Orden no permitida por LAYA,118.661,113.043,104.36,8.683
calma,11,Sebastian pide agarrar la pelota roja,recoger,pelota,rojo,1,True,recoger,pelota,amarillo,1,False,True,False,True,True,False,True,False,recoger,pelota,desconocido,1,True,False,True,True,False,True,True,laya,False,Orden no permitida por LAYA,109.614,103.106,94.16,8.946
calma,12,Valentino solicita llevar el cilindro azul,mover,cilindro,azul,1,True,mover,cilindro,azul,1,False,True,False,True,True,True,True,False,mover,cilindro,azul,1,True,True,True,True,True,True,True,laya,False,Orden no permitida por LAYA,117.615,109.807,100.64,9.167
calma,13,recoge rapido el cubo rojo,recoger,cubo,rojo,2,True,recoger,cubo,rojo,2,True,True,True,True,True,True,True,True,recoger,cubo,rojo,2,True,True,True,True,True,True,True,laya,False,,117.406,108.514,99.47,9.044
calma,14,agarra rapido el bloque verde,recoger,bloque,verde,2,True,recoger,bloque,verde,2,True,True,True,True,True,True,True,True,recoger,bloque,verde,2,True,True,True,True,True,True,True,laya,False,,114.486,105.297,96.48,8.817
calma,15,toma rapidamente la pelota azul,recoger,pelota,azul,2,True,recoger,pelota,azul,2,True,True,True,True,True,True,True,True,recoger,pelota,azul,1,True,False,True,True,True,False,True,laya,False,,118.566,109.374,100.29,9.084
calma,16,mueve rapido el cilindro amarillo,mover,cilindro,amarillo,2,True,mover,cilindro,amarillo,2,True,True,True,True,True,True,True,True,mover,cilindro,amarillo,2,True,True,True,True,True,True,True,laya,False,,118.178,109.478,101.98,7.498
calma,17,lleva rapido el cubo verde,mover,cubo,verde,2,True,mover,cubo,verde,2,True,True,True,True,True,True,True,True,mover,cubo,verde,2,True,True,True,True,True,True,True,laya,False,,121.492,112.842,103.2,9.642
calma,18,recoge pronto el bloque azul,recoger,bloque,azul,2,True,recoger,bloque,azul,2,True,True,True,True,True,True,True,True,recoger,bloque,azul,1,True,False,True,True,True,False,True,laya,False,,152.846,143.992,134.78,9.212
calma,19,mueve pronto la pelota roja,mover,pelota,rojo,2,True,mover,pelota,rojo,2,True,True,True,True,True,True,True,True,mover,pelota,desconocido,1,True,False,True,True,False,False,True,laya,False,,116.545,107.607,99.28,8.327
calma,20,Anahi pide recoger rapido el cilindro verde,recoger,cilindro,verde,2,True,recoger,cilindro,verde,3,True,True,False,True,True,True,False,True,recoger,cilindro,verde,2,True,True,True,True,True,True,True,laya,False,,165.775,156.752,147.51,9.242
calma,21,Karen solicita mover rapido el cubo amarillo,mover,cubo,amarillo,2,True,mover,cubo,amarillo,2,True,True,True,True,True,True,True,True,mover,cubo,amarillo,2,True,True,True,True,True,True,True,laya,False,,124.94,118.498,110.2,8.298
calma,22,Sebastian necesita que agarres rapido el bloque rojo,recoger,bloque,rojo,2,True,recoger,bloque,rojo,2,False,True,False,True,True,True,True,False,otro,bloque,rojo,2,True,False,False,True,True,True,True,laya,False,Orden no permitida por LAYA,112.084,104.032,94.84,9.192
calma,23,Valentino pide llevar pronto la pelota verde,mover,pelota,verde,2,True,soltar,pelota,verde,1,False,True,False,False,True,True,False,False,mover,pelota,verde,1,True,False,True,True,True,False,True,laya,False,Orden no permitida por LAYA,111.881,103.245,94.32,8.925
calma,24,recoge el cilindro azul rapido,recoger,cilindro,azul,2,True,recoger,cilindro,azul,2,True,True,True,True,True,True,True,True,recoger,cilindro,azul,2,True,True,True,True,True,True,True,laya,False,,112.047,102.954,93.78,9.174
calma,25,recoge urgente el cubo amarillo,recoger,cubo,amarillo,3,True,recoger,cubo,amarillo,1,True,True,False,True,True,True,False,True,recoger,cubo,amarillo,3,True,True,True,True,True,True,True,laya,False,,112.539,103.765,94.46,9.305
calma,26,agarra urgente el bloque rojo,recoger,bloque,rojo,3,True,recoger,bloque,rojo,3,True,True,True,True,True,True,True,True,recoger,bloque,rojo,3,True,True,True,True,True,True,True,laya,False,,111.107,102.444,95.05,7.394
calma,27,toma inmediatamente la pelota verde,recoger,pelota,verde,3,True,recoger,pelota,verde,1,False,True,False,True,True,True,False,False,recoger,pelota,verde,3,True,True,True,True,True,True,True,laya,False,Orden no permitida por LAYA,102.075,96.572,87.59,8.982
calma,28,mueve urgente el cilindro azul,mover,cilindro,azul,3,True,mover,cilindro,azul,2,True,True,False,True,True,True,False,True,mover,cilindro,azul,3,True,True,True,True,True,True,True,laya,False,,103.18,96.541,89.39,7.151
calma,29,lleva inmediatamente el cubo rojo,mover,cubo,rojo,3,True,soltar,cubo,rojo,1,True,True,False,False,True,True,False,True,mover,cubo,rojo,3,True,True,True,True,True,True,True,laya,False,,106.009,97.987,89.0,8.987
calma,30,recoge el bloque amarillo con maxima prioridad,recoger,bloque,amarillo,3,True,recoger,bloque,amarillo,2,True,True,False,True,True,True,False,True,recoger,bloque,amarillo,3,True,True,True,True,True,True,True,laya,False,,117.566,108.823,99.13,9.693
calma,31,mueve la pelota azul con maxima prioridad,mover,pelota,azul,3,True,mover,pelota,azul,2,True,True,False,True,True,True,False,True,mover,pelota,azul,3,True,True,True,True,True,True,True,laya,False,,109.522,103.434,90.82,12.614
calma,32,Anahi necesita urgentemente que recojas el cilindro rojo,recoger,cilindro,rojo,3,True,recoger,cilindro,rojo,3,False,True,False,True,True,True,True,False,otro,cilindro,rojo,3,True,False,False,True,True,True,True,laya,False,Orden no permitida por LAYA,113.979,105.709,97.17,8.539
calma,33,Karen pide mover inmediatamente el cubo verde,mover,cubo,verde,3,True,mover,cubo,verde,3,False,True,False,True,True,True,True,False,mover,cubo,verde,3,True,True,True,True,True,True,True,laya,False,Orden no permitida por LAYA,111.6,102.906,92.0,10.906
calma,34,Sebastian solicita recoger urgente la pelota amarilla,recoger,pelota,amarillo,3,True,recoger,pelota,amarillo,1,True,True,False,True,True,True,False,True,recoger,pelota,desconocido,3,True,False,True,True,False,True,True,laya,False,,113.004,104.298,95.01,9.288
calma,35,Valentino pide llevar el bloque azul con maxima prioridad,mover,bloque,azul,3,True,soltar,bloque,azul,2,False,True,False,False,True,True,False,False,mover,bloque,azul,3,True,True,True,True,True,True,True,laya,False,Orden no permitida por LAYA,113.671,106.991,99.56,7.431
calma,36,recoge el cubo verde inmediatamente,recoger,cubo,verde,3,True,recoger,cubo,verde,2,True,True,False,True,True,True,False,True,recoger,cubo,verde,3,True,True,True,True,True,True,True,laya,False,,154.297,146.611,134.67,11.941
calma,37,golpea el cubo rojo,otro,cubo,rojo,1,False,otro,cubo,rojo,1,False,True,True,True,True,True,True,True,otro,cubo,rojo,1,False,True,True,True,True,True,True,laya,False,Orden no permitida por LAYA,111.663,106.069,99.08,6.989
calma,38,rompe el bloque azul,otro,bloque,azul,1,False,otro,bloque,azul,1,False,True,True,True,True,True,True,True,otro,bloque,azul,1,False,True,True,True,True,True,True,laya,False,Orden no permitida por LAYA,106.104,99.415,90.46,8.955
calma,39,lanza la pelota verde,otro,pelota,verde,1,False,soltar,pelota,verde,1,True,True,False,False,True,True,True,False,otro,pelota,verde,1,False,True,True,True,True,True,True,laya,False,,105.046,96.938,88.25,8.688
calma,40,golpea el cilindro amarillo,otro,cilindro,amarillo,1,False,otro,cilindro,amarillo,2,False,True,False,True,True,True,False,True,otro,cilindro,amarillo,1,False,True,True,True,True,True,True,laya,False,Orden no permitida por LAYA,114.273,105.61,98.29,7.32
calma,41,rompe el cubo verde,otro,cubo,verde,1,False,otro,cubo,verde,1,True,True,False,True,True,True,True,False,otro,cubo,verde,1,False,True,True,True,True,True,True,laya,False,,105.419,98.716,89.74,8.976
calma,42,lanza el bloque rojo,otro,bloque,rojo,1,False,soltar,bloque,rojo,1,False,True,False,False,True,True,True,True,otro,bloque,rojo,1,False,True,True,True,True,True,True,laya,False,Orden no permitida por LAYA,103.713,97.089,88.65,8.439
calma,43,Anahi ordena golpear la pelota azul,otro,pelota,azul,1,False,otro,pelota,azul,2,False,True,False,True,True,True,False,True,otro,pelota,azul,1,False,True,True,True,True,True,True,laya,False,Orden no permitida por LAYA,115.944,107.199,97.45,9.749
calma,44,Karen pide romper el cilindro verde,otro,cilindro,verde,1,False,soltar,cilindro,verde,3,False,True,False,False,True,True,False,True,otro,cilindro,verde,1,False,True,True,True,True,True,True,laya,False,Orden no permitida por LAYA,108.611,102.059,93.96,8.099
calma,45,Sebastian indica lanzar el cubo amarillo,otro,cubo,amarillo,1,False,mover,cubo,amarillo,1,True,True,False,False,True,True,True,False,otro,cubo,amarillo,1,False,True,True,True,True,True,True,laya,False,,115.126,108.346,99.2,9.146
calma,46,Valentino solicita golpear el bloque azul,otro,bloque,azul,1,False,otro,bloque,azul,1,False,True,True,True,True,True,True,True,otro,bloque,azul,1,False,True,True,True,True,True,True,laya,False,Orden no permitida por LAYA,110.644,103.687,94.56,9.127
calma,47,rompe urgente la pelota roja,otro,pelota,rojo,3,False,otro,pelota,rojo,1,True,True,False,True,True,True,False,False,otro,pelota,desconocido,3,False,False,True,True,False,True,True,laya,False,,114.408,105.024,90.58,14.444
calma,48,lanza rapidamente el cilindro azul,otro,cilindro,azul,2,False,otro,cilindro,azul,2,True,True,False,True,True,True,True,False,otro,cilindro,azul,1,False,False,True,True,True,False,True,laya,False,,112.897,103.708,94.57,9.138
calma,49,golpea inmediatamente el cubo verde,otro,cubo,verde,3,False,otro,cubo,verde,1,False,True,False,True,True,True,False,True,otro,cubo,verde,3,False,True,True,True,True,True,True,laya,False,Orden no permitida por LAYA,105.407,96.565,88.85,7.715
calma,50,rompe rapido el bloque amarillo,otro,bloque,amarillo,2,False,otro,bloque,amarillo,2,True,True,False,True,True,True,True,False,otro,bloque,amarillo,2,False,True,True,True,True,True,True,laya,False,,108.138,99.398,86.65,12.748
